epoch,accuracy,loss,val_accuracy,val_loss
0,0.3861236870288849,1.6496037244796753,0.528124988079071,1.3506613969802856
1,0.5889894366264343,1.2379980087280273,0.5859375,1.1428961753845215
